{"stats":{"minecraft:mined":{"minecraft:tall_grass":4,"minecraft:grass":8,"minecraft:dandelion":1,"minecraft:oxeye_daisy":1},"minecraft:dropped":{"minecraft:wheat_seeds":1,"minecraft:dandelion":1},"minecraft:picked_up":{"minecraft:wheat_seeds":1,"minecraft:dandelion":1},"minecraft:custom":{"minecraft:jump":143,"minecraft:time_since_rest":4926,"minecraft:leave_game":1,"minecraft:sprint_one_cm":22807,"minecraft:play_time":4926,"minecraft:damage_taken":175,"minecraft:time_since_death":4926,"minecraft:walk_one_cm":2398,"minecraft:total_world_time":4926,"minecraft:drop":2,"minecraft:fall_one_cm":4417,"minecraft:fly_one_cm":27165}},"DataVersion":3465}