{
  "minecraft:recipes/decorations/crafting_table": {
    "criteria": {
      "unlock_right_away": "2024-07-29 05:23:29 +0000"
    },
    "done": true
  },
  "minecraft:recipes/misc/yellow_dye_from_dandelion": {
    "criteria": {
      "has_dandelion": "2024-07-29 05:23:44 +0000"
    },
    "done": true
  },
  "minecraft:adventure/adventuring_time": {
    "criteria": {
      "minecraft:stony_shore": "2024-07-29 05:24:48 +0000",
      "minecraft:forest": "2024-07-29 05:24:33 +0000",
      "minecraft:plains": "2024-07-29 05:23:30 +0000"
    },
    "done": false
  },
  "DataVersion": 3465
}